data,ground_truth,score,thumbsUpCount,problem_report,feature_request,irrelevant,ori_lang,app
Application parfaitement adapt√©e au suivi sportif y compris au sommeil r√©cup√©rateur. Une difficult√© √† conserver les donn√©es (fr√©quence cardiaque et sommeil) sur la synth√®se quotidienne. √âric,20,5,0,1,1,0,fr,Garmin Connect
"I hate this app, and as a result I won't be buying garmin products anymore. Incredibly frustrating user experience. Constantly annoys me for permissions, it needs an option that I can tell it to stop asking me. I don't want everything syncing to my watch constantly! And for certain aspects that I have actually given permission, it seems to forget those and also ask me to reapprove",53,1,1,0,1,0,en,Garmin Connect
"Impossible de partager sur Facebook comme avant et sans photo. Sinon les synchro se fond correctement. Au nombre de pas, d √©tages, je pr√©f√®rerai un rappel des entra√Ænements, les validation de ceux ci, mettre la natation comme une activit√© physique √† part enti√®re et donc inclure les donn√©es, le total des activit√©s semaines etc... Et il serait utile de pouvoir sauvegarder  les caract√©ristiques r√©glages montre, activit√©s.. . Surtout quand celle ci est remplac√©e par le SAV. Cela √©vite de tout recommencer et pester",64,4,0,1,1,0,fr,Garmin Connect
Tr√®s bonne applications vraiment pour commencer ou reprendre la course y a pas mieux pour accompagner et motiver... Juste une choses negative c'est les programme d'entra√Ænement qui sont en anglais et pas trop de choix au d√©part.,35,5,1,0,1,0,fr,Garmin Connect
"The app works well, whilst I'd like it to more data avenues for extrapolation and the integration of apps could be easier. I feel this is reliable and competent app.",45,4,0,0,1,0,en,Garmin Connect
juste un regret il n'y a pas l'activit√© exercices renfo musculation ou gym,39,4,0,0,1,0,fr,Garmin Connect
Having just bought Garmin Forerunner 630 I was most disappointed to discover that my phone's Bluetooth is not compatible with my android phone (apparently you need Bluetooth 4.0). I do not have a computer running either Windows or Mac so I have no means to get any of my runs off of my watch...  Update - thanks for the reply Garmin Support :)   Upgraded my phone (it's been an expensive month!) and now it works OK.  Also had to borrow someone's Windows (yuk) machine to do the initial setup so that I can set up the WIFI.  I have upped my initial rating of 1 star to 3. What this application is lacking is the means to set up WIFI connections on the watch (you still have to use Garmin Express on a PC/Mac to do this which kept crashing). I think if Garmin Connect could include this functionality it would be a real plus.,16,3,0,1,1,0,en,Garmin Connect
The app is a little slow updating the weather but it is quick to update your activities and vitals. The weather isn't always accurate and the rain percentage is off usually a good bit. The weather is not always off with the rain and temperatures so it is tolerable. I love how the app shows your route you took when you navigate. The gps is accurate and that is a big plus.,85,4,1,0,1,0,en,Garmin Connect
"Bonne application dans l'ensemble mais dans les √©quipements il manque l'option ""trail"" ""vtt"", ""ski "" , ""ski de randonn√©e "" , ""ski de fond"" car lorsque l'on fait plusieurs activit√©s diff√©rente on doit a chaque fois changer l'√©quipement de base. Donc merci de rajouter ces options.",5,2,1,0,1,0,fr,Garmin Connect
I wish it had the pedometer in the notification bar,42,5,0,0,1,0,en,Garmin Connect
Bonne application mais impossible d'afficher mes activit√©s renseign√©es manuellement dans le calendrier.,10,3,0,0,1,0,fr,Garmin Connect
No issues for me and more features than I'm currently using! Only recommendation I would make is the ability to assign body weight to an exercise in post workout editing if the app doesn't automatically detect that the exercise is a body weight exercise. You can only assign numbers.,86,5,0,0,1,0,en,Garmin Connect
"Add input for blood pressure, please...",9,5,0,0,1,0,en,Garmin Connect
"On one phone I can record in St and lbs,  not on one plus 3 though,  should be really simple in theory.  Linking to targets on the main garmin account would be be beneficial.",0,3,0,0,1,0,en,Garmin Connect
"Venant de l'application sant√© de Huawei.. je trouve Garmin Connect moyenne. L'analyse du sommeil de Huawei est top(l'algorithme donne une note, rep√®re des points d'am√©liorations, de tr√®s bons conseils sont propos√©s, etc.. )! Garmin a cot√©... il n'y a rien. Lanalyse des phases me semble moins fiable aussi. Sur √ßa je suis d√©√ßu.",67,2,1,1,1,0,fr,Garmin Connect
New colours but no updated sync. The app gives nice details of activities and is a useful addition when you are out and about and want to review achievements. However I use it with both an Edge 810 and Fenix 2 and bluetooth sync REALLY REALLY sucks. The sync is very slow (compared to over the wire via Garmin Express) but the progress information displayed in the app is way too minimal. It would really help to have a list of the activities on the device which require syncing and better progress graphics,71,2,2,0,1,0,en,Garmin Connect
"Assez complet, interface encore am√©liorable, continuer!",30,4,0,0,1,0,fr,Garmin Connect
"L'application est tr√®s compl√®te. On peut faire √©norm√©ment de suivis. Relever des d√©fis. On peut faire de nombreux r√©glages : foul√©e, fr√©quence cardiaque, les suivis hebdomadaires, quotidiens, mensuels, annuels. On peut suivre les pas, la vitesse, calories, distances etc. Le seul regret : faut vraiment fouiller √©norm√©ment pour ma√Ætriser le sujet. L'application n'est pas intuitive. Mais si on se donne la peine √ßa veut le coup.",30,5,26,0,1,0,fr,Garmin Connect
"Manque de simplicit√© et d'intuitivit√©! Les appareils sont de bonnes qualit√©s mais l'application n'est pas au niveau. Trop superflue et redondante, ne va pas √† l'essentiel. Le probl√®me je pense est qu'il faudrait s√©parer le c√¥t√© sportif avec les diff√©rents sports et mesures du c√¥t√© vie avec le nombre de pas, les heures de sommeil..... car on s'y perd vite. Le manque de souplesse de l'application nous emp√™che aussi de param√©trer compl√®tement ce que nous avons r√©ellement besoin...bref",30,2,16,0,1,0,fr,Garmin Connect
Too many updates and too difficult to navigate to basic stats. Garmin software developers are missing the mark. Provide a lite-version without so many unwanted features or allow more customization to remove all the surplfuous junk. No longer updates after sync up. This occurs even after rebooting forerunner & phone.,30,2,1,1,1,0,en,Garmin Connect
Can you set the alarm on the venu to not activate if no hr is being detected. Caught the watch alarming while charging? Also a snooze feature would be highly appreciated. Otherwise great hardware and software,6,4,0,0,1,0,en,Garmin Connect
"Love tracking all my activity ... could be a little more user friendly, but great app :)",30,4,0,0,1,0,en,Garmin Connect
Bonjour. Au lieu de vous murer dans le silence ou plut√¥t tromper les utilisateurs en cachant votre probl√®me de piratage par un argument maintenance vous feriez mieux de rendre accessibles nos donn√©es directement sur les montres ce serait beaucoup plus simple. Marre d'acheter des appareils et de devoir se connecter sur d'autres supports ! A quand le r√©tablissement du site ?,44,1,23,1,1,0,fr,Garmin Connect
"L'appli est robuste et intuitive. Elle d'interface facilement avec d'autres outils (Strava, runtastic...). Il me manque juste la possibilit√© de faire une connexion avec mon tapis de course tinturi",49,5,0,0,1,0,fr,Garmin Connect
"A titre personnel, je n'aime pas la pr√©sentation des donn√©es que je trouve mal agenc√©es. On doit pouvoir faire mieux. Depuis plusieurs mois, le trac√© gps du parcours est incomplet (il manque r√©guli√®rement la moiti√©...) alors que la distance et le temps sont corrects. Le support technique ne sait r√©pondre qu'une seule chose : faites les mises √† jours de la montre. Ils sont rigolos, je leur ai dit plusieurs fois que √ßa n'a r√©soud pas le probl√®me...",19,2,78,1,1,0,fr,Garmin Connect
Dommage qu'on ne puisse pas transf√©rer l'application sur la carte SD. Et les alarmes on devrait pouvoir en mettre plusieurs,74,3,0,0,1,0,fr,Garmin Connect
"Other than not accurately counting flights of (house) stairs it works great. Wish there was a way to name ""other"" activities and not just other other 1 other 2 ect.",39,4,0,0,1,0,en,Garmin Connect
Bien manque juste plus explications,82,3,0,0,1,0,fr,Garmin Connect
"If you're on the previous version, do not upgrade. I have had 2 upgrades, originally you needed to turn on location to connect the watch then you could turn location off. Next update (the last version) there was no need to turn on location services ever, it just connected and synced perfect. This update requires location to be on full time or the watch disconnects.  Seriously Garmin? It can't be an Android requirement if the previous version worked flawlessly without it. Now you're asking just too much.",37,3,3,0,1,0,en,Garmin Connect
Appli sympa dommage qu'on ne puisse pas mettre de photos,54,4,0,0,1,0,fr,Garmin Connect
"How hard can it be to make the calibration in a treadmill activity count? Or the time? Or the steps? Everything seems ok in the device, but then it gets transferred to this app and everything is messed up!",11,1,0,0,1,0,en,Garmin Connect
Pour ma part bonne application je regrette simplement le temps de mise √† jour lorsque je bascule mes planing d entra√Ænement sir la montre. De plus lors de l elaboration des entra√Ænement serait il possible lors des r√©p√©titions de pouvoir programmer plus deux s√©ance sp√©cifique de travail et de repos. Merci pour le boulot en tout cas,56,4,0,0,1,0,fr,Garmin Connect
La derni√®re mise √† jour n'est pas du tout pratique. Il faut rechercher les diff√©rents donn√©es alors qu'avant elles √©taient affich√© sur l'√©cran d'accueil.,17,3,2,0,1,0,fr,Garmin Connect
10 runs. I'm IT dim. Still learning. Wish quick start had clearer instructions. Docked a star for that. Have lost one recording. Pressed wrong key on watch. But coping and very impressed.,58,4,0,0,1,0,en,Garmin Connect
Sur l appli je n'arrive pas √† trouver mes favoris sinon c'est agr√©able,26,4,0,0,1,0,fr,Garmin Connect
"I'm not sure if there's any other apps that will connect to garmin besides the garmin app so I cannot really rate this fairly. However, it does what it's supposed to do. I really wish that I could connect my foot pod or My heart rate monitor to just the app. All in all, it does what it's supposed to so I'm happy.",45,5,0,0,1,0,en,Garmin Connect
De mieux en mieux ! Dommage que le partage sur Facebook par lien n'ajoute pas l'image du tableau de bord,65,5,0,0,1,0,fr,Garmin Connect
"would be better if the recorded activities showed whether you are working in thezone or not, rather than average heart rate.",33,4,0,0,1,0,en,Garmin Connect
I don't like the fact that I cannot track my food directly in the app. I couldn't get it to connect to mfp so I just use my Samsung health app for that and this app for steps and sleep.,28,3,0,0,1,0,en,Garmin Connect
top...mq juste la capacit√© d d'int√©grer les entra√Ænements en salle,39,4,0,0,1,0,fr,Garmin Connect
Manque le compteur annuel et la pr√©sentation est brouillonne...on cherche mais on ne trouve pas ce qui nous int√©resse !!  √Ä revoir URGENT,73,2,0,0,1,0,fr,Garmin Connect
"Interface ordinaire avec un minimum d'information, encore pire pour l'interface web. Pas de lien avec Runtastic et  pas de lien avec Fat Secret. Comparer √† d'autres, √ßa pourrait √™tre beaucoup mieux. Mais j'aime le bracelet Vivofit et son autonomie de charge de un an (suppos√©).",48,3,0,0,1,0,fr,Garmin Connect
Tries to open files associated with other apps. Garmin is clueless about how their app behaves. Very virus-like activity.,27,1,0,0,1,0,en,Garmin Connect
Great app with lots of data! My only concern is the time it takes to update the app from my watch.,81,4,0,0,1,0,en,Garmin Connect
Dommage on peux plus suivre les pas de ses contacts,36,5,0,0,1,0,fr,Garmin Connect
"Guys a bit more love please! VivoActive 4 user. Please add Racing Kayak, it's an Olympics discipline after all. You r clearly not worth it one ‚≠ê. Happy to change if you reply. Thanks.",39,1,0,0,1,0,en,Garmin Connect
"Application compl√®te en tr√®s nette am√©lioration mais toujours perfectible pour faire face √† la concurrence. Quelques difficult√©s persistent parfois √† trouver ma montre (735 XT). Aussi, l'appli persiste √† r√©activer le suivi d'activit√© ""bougez"" bien que je le d√©sactive en permanence",79,4,0,0,1,0,fr,Garmin Connect
"Each update had negligible improvements and requires me to pair my watch again (first world problems,  I know...). The app is slow and clunky.  With all these updates,  can't Garmin fix that?  Update: Thanks garmin for the generic ""email customer support"" response - probably from a bot. It shows how much you really care about your customers.  Downgrading one star from 2 to 1.",50,1,1,1,1,0,en,Garmin Connect
Can't login Connect IQ store with Google account. It's hilarious considering the Connect app suggests you to use itself for ease of connection to IQ store.,32,1,0,0,1,0,en,Garmin Connect
It would be 5-star if I could record a session just by using the app on my phone....for those times when I don't have my trusty Garmin on hand,60,4,0,0,1,0,en,Garmin Connect
"Depuis la mise √† jour plus de livetrack Facebook, vraiment dommage",36,3,3,0,1,0,fr,Garmin Connect
"After upgrading to a new phone with Oreo I am no longer able to connect, it never asks me for the pairing key. Also, they are very untransparant and inflexible about the permissions they require. I just want to sync my data and view the results, nothing more. I don't want smart notifications, awards or leaderboards, but the user experience is unbearable if you do not accept everything. Not to mention the huge battery drain. Uninstall, I will not buy another Garmin device again.",53,1,0,1,1,0,en,Garmin Connect
I would love to have the option to see the active minutes of my daily activities displayed below the calories under my day screen. Great app getting better at every update!,2,4,0,0,1,0,en,Garmin Connect
Not very accurate will not sink - MyFitnessPal would not buy again. Mobile app error all the time.,1,2,0,1,1,0,en,Garmin Connect
"I say that i like it, i would love it if it would have the option of Zumba or dance.",39,4,0,0,1,0,en,Garmin Connect
Comment est il possible de voir le taux de charge de l appareil et o√π sur le portable autre que sur le cadran merci de me r√©pondre,8,2,0,0,1,0,fr,Garmin Connect
Garmin top mais manque le d√©nivel√© sur l'application,24,4,0,0,1,0,fr,Garmin Connect
The vivosmart HR wrist band is great device BUT the app is too complicated to use.......Every couple days has to edit the figures because for no reason it goes back to app default......Front homepage can't add or remove the excersizes......Too many options linked to the same pages.....No Map review where I have done my excersizes ....No Widget as (Android is king of widgets).....I would like these these problems to be solved and add some extra features because the wrist band is a great device to use...,30,1,9,0,1,0,en,Garmin Connect
"Pour moi nickel, reste quelques petites options √† retoucher : miles/km, les programmes d'entra√Ænements non pris en compte par la montre, mais agr√©ablement content par l'ensemble. Donc 4 √©toiles. ü¶øü¶æ",80,4,0,0,1,0,fr,Garmin Connect
Weather doesn't work Distances are not accurate,85,2,0,1,1,0,en,Garmin Connect
"L'appli Garmin est assez compl√®te. Cependant l'UX est am√©liorable sur certains points, comme sur les montres o√π √ßa fait fouilli des fois.",30,4,0,0,1,0,fr,Garmin Connect
Well done app. Thus far it has done just about everything I need it to do. Lots of information and challenges that are great even for us that are new to a more consistent exercise program. Some cross compatibility with other apps would be nice but certainly not a deal breaker.,45,5,0,0,1,0,en,Garmin Connect
A quand un widget sommeil. De plus depuis la derni√®re mise a jour un gros soucis de serveur et plus de connexion entre la montre et l'application. Plus d'acc√®s du tous a l'application connect,70,1,6,1,1,0,fr,Garmin Connect
Sleep tracking requires improvement. Does not track rem or Awake periods accurately.,69,3,2,0,1,0,en,Garmin Connect
"no internal synchro. with the app : no cloud, no sync, no perf. review = shame ! very bad choice to force their users to connect the app to the garmin cloud, please allow your users to have the choice with a local sync/backup. How can i view my activities : current and past. Garmin cloud is gone since 3 days (not my fault) but not my daily trainings - i still continue running. You lockdown your users in fact and you should know your cloud is a SPOF and can fail ! Shame on you.",15,1,2,0,1,0,en,Garmin Connect
Bonne lecture des donn√©es pour analyser ses entra√Ænements. Interface intuitive et conviviales. Dommage que l'on ne puisse pas exporter les donn√©es dans un format texte standard.,25,4,0,0,1,0,fr,Garmin Connect
Software updates crash my watch. Then I have to reinstall or reboot or redo something. It's really annoying! And I wish I could have a one touch setting to reset workouts. It takes a lot of time consuming fiddling with your watch to adjust the intervals on a run or a bike.,61,3,0,1,1,0,en,Garmin Connect
Bonne appli il manque juste quelques mises a jours plus r√©guli√®res,81,4,0,0,1,0,fr,Garmin Connect
"Interface pas super intuitif, mais les donn√©es essentielles y sont. Je l'utilise avec une vivoactive HR et J'en suis content :)",30,4,0,0,1,0,fr,Garmin Connect
"Segments could use a LOT of work. If I was Garmin, I'd buy Strava and dominate the entire fitness market. But until then, please sort out segments. Secondly, I can't see in depth stats like percentage of max heart rate for an activity, and I'd also want the ability to track along my route and view different parameters at THAT point in the route. Rather than just the averages at the end, or the graphs which don't have the route for reference",62,4,2,0,1,0,en,Garmin Connect
"Appli globalement satisfaisante, compl√©mentaire d'autres appli (Garmin dive par exemple), √©crans intuitifs, ergonomie plut√¥t bonne. Quelques √©l√©ments plus pr√©cis comme m√©t√©o au moment de l'activit√© ou encore une conversion d'effort fourni en ""pas"" pour du v√©lo elliptique serait un plus",85,4,6,0,1,0,fr,Garmin Connect
Manque le cumul des activit√©s depuis le d√©but d'ann√©e Et les objectifs  pr√©sent sur PC,75,3,0,0,1,0,fr,Garmin Connect
Parfait rapide et pr√©cis pour r√©cup√©rer les infos de ma montre... Je pr√©f√®re quand m√™me la version ios qui est selon moi mieux optimisƒóe et moins lourde,88,4,0,0,1,0,fr,Garmin Connect
"The app desperately wants location, notification, make calls, send and receive SMS, and other permissions, even though I don't want any notifications on my garmin device. Keeps on popping up permission requests every now and then. There is no way to switch off these permissions in the app.",53,1,1,0,1,0,en,Garmin Connect
"Bonne appli, petit d√©faut qui est le calcul en temps r√©el.",59,4,0,0,1,0,fr,Garmin Connect
Bonne apli dommage qu'il n'y ait pas plus de choix pour la montre forerunner 45 dans les cadrans,84,4,0,0,1,0,fr,Garmin Connect
"J'enl√®ve 4 √©toiles car depuis la derni√®re mise √† jour de l'appli, la batterie de la montre fond comme neige au soleil. Si je ne mets pas mon t√©l√©phone en mode avion la nuit, je perds facilement 20% de batterie car la montre doit chercher le t√©l√©phone qui n'est pas √† c√¥t√©. Le suivi du sommeil √©tait beaucoup plus fiable avant, maintenant, il ne sert √† rien. A quand la correction ... ü§î",7,1,39,1,1,0,fr,Garmin Connect
Need more app integration!!!!! Google Fit etc...,47,4,0,0,1,0,en,Garmin Connect
Tres bonne application. Merci d'avoir rajout√© la possibilit√© de pouvoir creer ces propres trajets directement a partir de l'application cependant une fonction recherche (pouvoir entrer l'adresse manuellement et non juste en s√©lectionnant un point d'arriver / de d√©part) serait fortement appr√©ciable. Dans l'attente de cette option pour pouvoir rajouter l'etoile manquante.,51,4,11,0,1,0,fr,Garmin Connect
"Un peu de difficult√©s pour la mise en place des informations que l'on souhaite suivre, ensuite... rien √† redire pour l'instant, tr√®s ludique",30,4,0,0,1,0,fr,Garmin Connect
"Est-il possible d'avoir une connexion applis  tierces, notamment les p√®se-personne de chez D√©cathlon  (Scale xxx)?",46,5,2,0,1,0,fr,Garmin Connect
"Since the latest update, the sync is permanent. Remove it please... I don't use the app everyday. Thank you",76,3,0,0,1,0,en,Garmin Connect
L'appli en sois est tr√®s bien con√ßu et plut√¥t claire et tr√®s compl√®te. Le seul b√©mols pour moi et la non compatibilit√© compl√®te avec les t√©l√©phone Huawei. Le Bluetooth se deconnecte r√©guli√®rement et on ne peux recevoir des notification uniquement si l'application et ouverte se qui n'√©tais pas le cas avec mon ancien t√©l√©phone.,16,3,0,1,1,0,fr,Garmin Connect
Needs widgets!,87,3,0,0,1,0,en,Garmin Connect
Difficult to use for golf. Watch is inconsistent and jumps around making it difficult to keep score and determine distances. It is slightly better than trying to use the Garmin golf app which doesn't work at all and keeps shutting down during the round. It also likes to delete your score.,31,1,0,1,1,0,en,Garmin Connect
"Appli sympa, compl√®te, mais pas toujours tr√®s intuitive. Dommage aussi que sur les graphiques on ne puisse pas avoir la main sur les abscisses et ordonn√©es",19,4,0,0,1,0,fr,Garmin Connect
I've been using Garmin for running for quite a while and I finally got frustrated enough at the pace graphs being so much worse than training center that I was about to leave a negative review based on the terrible graphing display. The fixed y-axis was driving me nuts.  I was thrilled to see that this update brought dynamic vertical axis on the pace chart! Docked one star because getting it to sync with my 220 is spotty.,12,4,0,1,1,0,en,Garmin Connect
This app shouldn't have a persistent notification. It is annoying and takes up space on my lock screen and notification bar.,42,1,1,0,1,0,en,Garmin Connect
"Pretty comprehensive with it's data. The data screens are all well presented and easy to read. The app itself can be a little odd to navigate, but once you've sorted it out, it's not too bad.",30,5,0,0,1,0,en,Garmin Connect
"Great device, poorly designed app! I want to see a Snapshot of my Heart Rate!  To many screens with useless data & I can't view or organize the data that I care about.  Get new software programmers, fire the current ones!",30,2,1,0,1,0,en,Garmin Connect
Constantly asking for permissions it does not need. No option to turn it off beside stopping it in android altogether.,53,1,0,0,1,0,en,Garmin Connect
Tr√®s bien  mais  cela serait bien d'avoir la vitesse en km/h dans le r√©sum√©,80,5,0,0,1,0,fr,Garmin Connect
"It's great now. Love. Just wish you could pause the run instead of stopping it, or is there a way to pause without stopping it?",52,5,23,0,1,0,en,Garmin Connect
Stop asking for notfication access every single time I sync the tracker with my phone. I don't want to give the app notification access and you guys should respect that...,42,2,1,0,1,0,en,Garmin Connect
"Would be 5 stars, but you can't see the training programmes that you're currently doing, it only offers you to start new ones. I have to log in on a browser to see my training session each day.",55,4,0,0,1,0,en,Garmin Connect
Very good app but doesnt display VO2max all the time even though it should.,22,4,0,0,1,0,en,Garmin Connect
It is great except I have one concern. How do you change the time on your watch. It says the correct time on my phone.,14,4,0,0,1,0,en,Garmin Connect
"Tr√®s bonne application, tr√®s facile √† utiliser. Dommage que pour la marche le chrono ne se mette pas en pause lors de l'arr√™t comme pour la course.",13,5,1,0,1,0,fr,Garmin Connect
"Bonne application. M√™me, si les pr√©visions pour marathon sont surestimer. Il est regrettable que l'application fr√©quence running, ne propose pas de se synchroniser avec elle, comme le fait runtastic .",45,4,1,0,1,0,fr,Garmin Connect
Simple to use and consistently connects on first try. The app is good but should have a way for all devices to sum up their individual information in the app. That would be my only improvement.,75,4,0,0,1,0,en,Garmin Connect
Ne se connecte plus et ne se synchronise plus. Z√©ro r√©ponse du service client.,63,1,1,1,1,0,fr,Garmin Connect
"App + Paired Watch asks for too many permissions. While it is great that the watch could see email, phone, sms and contacts, that was not my driving decision to purchase. It would be nice to be able to disable those notifications AND not be naggeed three times a day for access to my phone. I woukd like to be able to say what the device has access to and not be asked again by the device+app. I could (and have) removed the app from my phone, but then you lose the ability to save results.",53,1,0,0,1,0,en,Garmin Connect
"la nouvelle mise a jour ne me donne plus mes phases de sommeil, malgr√© une r√©instalation de l appli et une remise a l origine de la montre. pourquoi??",68,4,1,1,1,0,fr,Garmin Connect
"Toujours en attente ... le code bluetooth est d√©tect√© par le nexus 4, mais la tentative de connexion √©choue ... Vite un update !!  Nouvelle interface moins ax√©es perf que vivofit, dommage",30,1,0,1,1,0,fr,Garmin Connect
"L'application bouffe un max la batterie de mon t√©l√©phone. J'utilise uniquement ma Garmin pour courir, j'ai autrement une Withings pour la vie de tous les jours et l'application HealthMate prend beaucoup moins de batterie. Comment je peux d√©sactiver Garmin Connect quand je ne l'utilise pas ?",7,2,0,0,1,0,fr,Garmin Connect
"Tr√®s bonne application. La synchronisation est rapide. Le fait de devoir passer par le Pc pour analyser ses courses n'est au final pas g√™nant car de toute fa√ßon on analyse ses performances qu'√† posteriori. Mais √ßa serait sympa de pouvoir synchroniser direct la montre avec le smartphone (ma montre Garmin forerunner 910xt n'ayant pas le Bluetooth). Autre reproche, la communaut√© Garmin est moins importante que celle des applications Smartphone",44,4,10,0,1,0,fr,Garmin Connect
"Would like to be able to get steps from stationary peleton bike, and miles. 2nd: update app to work with various equipment like peleton. 3rd: Your challenges need to be done by states. I live in Michigan and its winter so when you compete against people from California, they have more options for getting steps due to weather. So I suggest you have different challenges for the different states.",73,4,0,0,1,0,en,Garmin Connect
Getting better and faster ... Keep it up.   Adding 7 minutes workout kind of activities with sample will be great feature.,39,5,0,0,1,0,en,Garmin Connect
"Bonne application, il manque, a mon sens, quelques donn√©es, par exemple sur la fatigue g√©n√©r√© par les s√©ances avec des courbes. Mais quand m√™me des data int√©ressant.",18,3,0,0,1,0,fr,Garmin Connect
Appli basique pour suivre son entrainement. Programmation de sece possible. En revanche on ne peut pas programmer une seance pour l envoyer √† qq un.,56,4,0,0,1,0,fr,Garmin Connect
I don't know why my location is always active even with my Fenix 3 already paired. Another thing is: Please add homescreen widget option,37,5,0,0,1,0,en,Garmin Connect
"Fenix 3 avec Galaxy S7, c'est le bonheur! Il ne manque que la possibilit√© de cr√©er un parcours.",56,4,7,0,1,0,fr,Garmin Connect
Dommage qu'il n'est pas possible de d√©placer la ligne de donn√©e dans les graphes,19,4,0,0,1,0,fr,Garmin Connect
"Suivi du sommeil, peut toujours √™tre am√©lior√©. N'enregistre pas, ne permet pas, d'enregistrer les p√©riodes de sieste. Bracelet r√©sistant, tr√®s bonne tenue une fois charg√©. Interface pratique , lisible.",68,4,0,0,1,0,fr,Garmin Connect
"Garmin needs a better QA and UX design team. The ""Add Contacts for Incident Response"" buttons doesn''t work. Adding a card for Garmin Pay doesn't work. And when the sleep graphs changed to stacked bar graphs instead of showing data chronologically, that took away valuable data about my bed time consistency, which is an important part of sleep hygiene.",30,2,3,1,1,0,en,Garmin Connect
great and reliable app. never have any isses with pairing or bugs in the software. would be better if there were more watch apps in the store but thats about it,40,5,0,0,1,0,en,Garmin Connect
"Overall, I like the app but I would prefer it having a white background and sometimes i have to look around for certain stuff. Maybe I need more time to get used to it and learn it.",30,4,0,0,1,0,en,Garmin Connect
Il ne manque plus que la cr√©ation de parcours comme sur le site et ce  serait parfait.,51,4,21,0,1,0,fr,Garmin Connect
J'adore l'application ! J'ai toutes les stats que je veux et la synchronisation avec la montre est rapide ! Le seul d√©faut pour moi c'est le cot√© social qui est moins travaill√© je trouve. Pour voir les activit√©s de mes amis je dois chercher et c'est moins clair que Strava par exemple donc j'utilise Strava !,36,4,2,0,1,0,fr,Garmin Connect
Constant Bluetooth connectivity issues and drains battery,7,1,1,1,1,0,en,Garmin Connect
Mais dommage que l application ne puisse int√©gralement personnaliser la montre (fenix 3).,83,4,1,0,1,0,fr,Garmin Connect
"OK if you want to sync by PC or mobile phone but doesn't work with tablets. Garmin, you do great gadgets but not great software - I have a garmin nuvi and the traffic software linked by Garmin's partner there is also poor. Also before you buy a Garmin Vivofit, you might want to know it DOESN'T recognise steps taken whilst pushing a wheelchair or pram....",76,2,0,1,1,0,en,Garmin Connect
"The sleep app shows the most recent nights sleep on the dashboard display, but when you click on the details in will only show you the night prior and not the most recent night. Should be a simple update.",67,3,0,0,1,0,en,Garmin Connect
Tr√®s simple utilisation ma√Øs doit √™tre ouverte pour synchroniser avec addidas ou Strava,49,4,0,0,1,0,fr,Garmin Connect
L'app est relativement simple. Elle permet d'acc√©der aux fonctionnalit√©s de la montre et de suivre mon activit√© quotidienne. J'aimerais en point √† am√©liorer que les vid√©os de programme d'entra√Ænement soient traduites vocalement en fran√ßais.,35,4,1,0,1,0,fr,Garmin Connect
I used to be a fitbit user and the only thing I'm missing with Garmin (that my fitbit app had) is a grade for your sleep. It doesn't mean because you slept longer that you slept better and the fitbit app showed this with a grade. I loved that because it would explain why I felt better rested certain days. Maybe you could add this to your app too?,67,4,0,0,1,0,en,Garmin Connect
Garmin is not very informative about what changed with new version. Would love to get the ability to create own activity type. In summer Im doing Rollski which not listed at all.,3,3,0,0,1,0,en,Garmin Connect
"Sleep stats are way to conservative since some time (nearly always they require an edit to add sleep time). Also, the app does not want to sync watch data without internet connection - why? What about trying to sync in a remote location out of range?",68,3,0,1,1,0,en,Garmin Connect
"Pourquoi on m'impose le golf en activit√© ? Je fais de la course a pied du v√©lo et de la natation! Par contre pas d'option tennis, ce qui concerne plus de monde que le golf...",39,2,24,0,1,0,fr,Garmin Connect
Bien √† ce stade apr√®s une petite semaine d'utilisation avec mon approach x40. Impossible de changer les unit√©s de poids et de taille ? J'esp√®re par ailleurs qu'il y aura d'autres possibilit√©s de connexion avec des applis compl√©mentaires.,80,4,0,1,1,0,fr,Garmin Connect
Does the job. But my floor count is so inaccurate the last 4 weeks. Vivosmart keeps saying I've climed 35+ floors everyday when its more like 10-15 floor.,1,4,0,0,1,0,en,Garmin Connect
Tr√®s bonne appli il manque le ski roues dans les activit√©s,39,4,0,0,1,0,fr,Garmin Connect
"Parfait. Ma montre forunner 25 se connecte parfaitement √† l application. Tout est fluide et intuitif. Petit b√©mol : des difficult√©s de conversions entre pounds et kilo, miles et km .",80,5,0,0,1,0,fr,Garmin Connect
"Excellent for cycling, wizh it had greater flexibility in logging strength workouts, unable to write in different exercises",38,4,0,0,1,0,en,Garmin Connect
I really enjoy garmin and the options that it gives me. The only thing I not a fan of it keeps telling me to move after I get back from some activitie,42,4,0,0,1,0,en,Garmin Connect
Overall quite a good app but needs to be a little easier to access the settings section...,30,4,0,0,1,0,en,Garmin Connect
My Garmin connect is excellent only thing is it should also check out the heart rate monitor with the watch!,33,4,0,0,1,0,en,Garmin Connect
Super int√©ressant. Cependant l'analyse du sommeil devrait √™tre un peu plus pouss√©e. Et le choix de passer de la marche √† la natation plus simple. Mais c'est une bonne application que je recommande,67,4,1,0,1,0,fr,Garmin Connect
All Good but Pls add Inbuild function to add food Intake,28,5,0,0,1,0,en,Garmin Connect
"I need the precentage of remaining battery of garmin instinct. If I don't have it in my watch, I hope I have it in this app",8,5,0,0,1,0,en,Garmin Connect
Dommage que des activit√©s comme la natation ne soient pas mieux g√©rer...,39,4,0,0,1,0,fr,Garmin Connect
"Plus de synchronisation de la frequence cardiaque, du sommeil et autres depuis la derni√®re mise a jour manifestement pleine de bugs ! P√©nible ! √áa marchait trop bien avant..... Je n'en n'ai pas encore une grosse exp√©rience mais les premi√®res impressions sont plut√¥t bonnes. J'attends de pouvoir jouer au golf pour √©ventuellement mettre une cinqui√®me √©toile.",39,4,16,1,1,0,fr,Garmin Connect
"Dislike the dark interface theme, settings are clumsy with too many menus. Regular sync issues, tech support useless, I was emailed instructions by the operator who appeared poorly trained.",30,1,0,1,1,0,en,Garmin Connect
Would like to hide golf as I do not play it. But overall very good,34,4,0,0,1,0,en,Garmin Connect
"Very user friendly, easy to understand, and insightful. The only downfall is at times I have to edit my sleep stats. Besides that, so far I love it!",68,5,0,0,1,0,en,Garmin Connect
Mettre le d√©nivel√© sur la 735xt,24,4,0,0,1,0,fr,Garmin Connect
Keeps insisting on permissions to my calendar. No reason or explanation given...,53,1,7,0,1,0,en,Garmin Connect
Applications claire et conviviale. Il manque n√©anmoins la possibilit√© d'associer des photos comme sur Nike+.,54,4,0,0,1,0,fr,Garmin Connect
"Great functionality for what I do from day to day. The only reason I did not rate 5 stars is due to the constant requests for permission and access to specific functions that I have no use for or never really take advantage of. In defense of the developers this may also be due to user error, but being reminded almost constantly that Garmin connect need access to your calender on an almost hourly basis tends to get tedious.",53,4,0,0,1,0,en,Garmin Connect
Best fitness tracker I've used. The only thing I miss from other apps I've used is a chart that tells you how often you cleared your move allert through the day. Other than that I love it.,12,4,0,0,1,0,en,Garmin Connect
J ai pas  trouv√© pour mettre en kilom√®tre heure   snifff,80,4,0,0,1,0,fr,Garmin Connect
Great interface... But because there are so many options it can get a little hard to navigate,30,4,1,0,1,0,en,Garmin Connect
Bonne exp√©rience mais j'aimerais pouvoir suivre mes activit√©s en direct sur mon smartphone en plus de m'a montre (cartographie en particulier),79,5,0,0,1,0,fr,Garmin Connect
Bonne appli pour suivi et progression .il manque √©tat de la batterie notamment pour montre vivosport,8,3,0,0,1,0,fr,Garmin Connect
Will give 5 stars when Garmin Connect will synch with Google Fit.,47,1,0,0,1,0,fr,Garmin Connect
Efficace. Tr√®s utile. L interface pourrait √™tre plus maniable,30,5,0,0,1,0,fr,Garmin Connect
"m√™mes problemes que tout le monde rapporte... de plus, j'aimerais pouvoir acc√©der plus facilement √† mes kilometres effectu√©s: jour, semaine, mois, ann√©e en cours √† l'image de ce que propose Runtastic",73,4,2,0,1,0,fr,Garmin Connect
"useful application, however it would be more useful if it can sync with Google fit",47,4,0,0,1,0,en,Garmin Connect
"The app is nice, well-designed and intuitive. I just wish it didn't require location services. I have a weather app that works just fine. Sleep tracking is great, heart monitoring is great. Some of the graphs (like the calorie tracker) could use some tweaking. Overall, excellent app.",37,4,0,0,1,0,en,Garmin Connect
Tres bien. Elle manque de rapports sur la dur√©e total des activit√©s et par activit√©,20,5,0,0,1,0,fr,Garmin Connect
The interface is very good but I wish VO2 was easier to view or more obviously presented,30,4,0,0,1,0,en,Garmin Connect
It's a nice app.. can be improved by making it work in standalone mode also.. i.e without internet connection and upload data when internet is available,43,5,0,0,1,0,en,Garmin Connect
"Good. But it would be nice if newly installed apps won't be enabled by default in the ""smart notification"" section when the ""select all"" is not enabled.",42,4,0,0,1,0,fr,Garmin Connect
App not supported on OnePlus6,16,2,0,0,1,0,en,Garmin Connect
Marche tr√®s bien.  Bien vue les totaux mais sur le site internet on pouvait exporter en excel. On cherche aussi la vo2max ?  Disparu la vo2max c est b√™te car  c est le truc de.base,25,4,1,0,1,0,fr,Garmin Connect
d√©cid√©ment o√π est le sommeil üò°üò°üò°,66,2,21,0,1,0,fr,Garmin Connect
"Plus possible de lancer Spotify depuis ma Vivoactive. De m√™me, plus possible de mettre Spotify en tant qu'application Musique par d√©faut. Une solution ?",41,4,0,1,1,0,fr,Garmin Connect
"Tr√®s bonne application, mais je trouve dommage de parfois devoir attendre  plusieurs heures avant de voir appara√Ætre mes courses.",71,4,0,0,1,0,fr,Garmin Connect
"I've used this app with my garmin fenix for over a year now and I absolutely love it. 100% the best running companion app and watch company I've ever used. I would say the only improvement I would make is accurately tracking indoor running. It's always about 2p seconds off the indoor pace. But besides that, for everything its dope üî•",78,5,0,0,1,0,en,Garmin Connect
"There a bunch of features I cant configure in the app, such as the alarm on my 735xt. I would also like to be able to make the workouts just using my phone instead of having to build it on the web page then sync twice to get it down to my watch. Update: getting better in each update",38,4,0,0,1,0,en,Garmin Connect
"Merci pour ce magnifique outil. Serait-il possible que vous rajoutiez lors d'une mise √† jour , lors de la cr√©ation d'un parcour manuelement sur la carte , de pouvoir tracer une ligne droite entre 2 points ??? Et alterner entre le mode suivi de route et manuel entre 2points svp, merci d'avance :)",79,5,0,0,1,0,fr,Garmin Connect
"Bonne application. Depuis quelques temps, que je l'utilise.  Seul b√©mol, i lui manque beaucoup d'activit√©s. Ils faut les cr√©er mais elle reste incompl√®te.  A quand une mise √† jour avec des activit√©s prisent en charges par l'application.  Musculation avec halt√®res  Stepper Rameur, etc...",39,4,0,0,1,0,fr,Garmin Connect
super appli. la synchronisation avec ma vivomove HR marche super. seul b√©mol: il nest pas possible de faire une synchronisation sans √™tre connect√© a internet. mais aujourd'hui qui n'a pas internet.,43,5,0,0,1,0,fr,Garmin Connect
Since recent upgrade my location has to be on for phone to sync...why is that?,37,4,1,0,1,0,en,Garmin Connect
Can't add anyone that's not on your Facebook or contacts,29,3,0,0,1,0,en,Garmin Connect
Dommage pas de natation,39,5,0,0,1,0,fr,Garmin Connect
why there are no widgets for this app.....where the hell is battery percentage...developer might have thought they are useless....quite annoying and also dissapointed with this app,87,1,0,0,1,0,en,Garmin Connect
Jveux pas m'inscrire....,0,1,0,0,1,0,fr,Garmin Connect
Does not sync with Google Fit? Will be buying another brand next time if feature not added.,47,2,0,0,1,0,en,Garmin Connect
"The garmin device is inaccurate and unreliable. It cannot measure distance and step count accurately. The app on the other hand, is useful for keeping track of your activities. If you want a fitness device, I would look elsewhere.",1,2,0,0,1,0,en,Garmin Connect
"La pr√©c√©dente montre que j'avais (une entr√©e de gamme) √©tait beaucoup plus pr√©cise. Sans sortir de chez moi, celle-ci (que j'utilise depuis 8 mois) indique que je fais entre 8000 et 10 000 pas par jour! Je me brosse les dents? Hop ! Des centaines de pas en plus... Je fais la vaisselle, rebelote ! J'ai un sommeil tr√®s profond. Cette montre me dit que j'ai 30mn de sommeil profond en moyenne, par contre 2h de sommeil paradoxal! Exactement l'inverse de la r√©alit√©. Je suis extr√™mement d√©√ßue...",69,2,1,1,1,0,fr,Garmin Connect
"Super application, je l'utilise tous les jours üòä seul b√©mol que je trouve, c'est le temps de sommeil : on ne peut pas rajouter un temps de sieste par exemple üò¥ j'ai une forerunner25",68,5,0,0,1,0,fr,Garmin Connect
"A bit busy UI, but good functionality and stable on Oreo",30,4,0,0,1,0,en,Garmin Connect
Is there an option to be informed when I should drink something? In order not to dehydrate and to achieve your daily goal.,23,4,0,0,1,0,en,Garmin Connect
Depuis la mise √† jour je ne peux plus d√©finir les p√©riodes de sommeil et la montre s'allume la nuit !!!!!!,68,2,1,1,1,0,fr,Garmin Connect
Excellente application dont j'appr√©ciais surtout le fait de pouvoir activer  le suivie en directe sur facebook pour que mes proches sachent o√π je me  trouvais cette fonction ayant disparue j'ai enlev√© une √©toile d√©p√™chez vous  de la r√©activer,36,3,1,0,1,0,fr,Garmin Connect
"Lots of content but not user friendly. Lacks tapping data points for value & time, no adjustments to calibrate the problems eg. SpO2 & sleep. Too many issues to keep screenshots & comment on, tech support was time consuming & obviously ignores feature requests. The app drives me crazy coming from one of their competitors.",19,2,1,0,1,0,en,Garmin Connect
Why is the vivoactive 4 no longer tracking sleep? It seems the update has removed functionality & I've only just bought it!,66,1,1,0,1,0,en,Garmin Connect
Application tr√®s compl√®te pour suivre son entra√Ænement dans la dur√©e.  La synchronisation avec ma 620 est parfaite. Un point que j'aimerais voir am√©lior√©: calcul automatique du temps moyen r√©alis√© sur fractionn√©,77,5,0,0,1,0,fr,Garmin Connect
"Why does this want so many permissions just to sync my Vivofit? This has no legitimate reason for wanting access to calendar, contacts, camera, location, SMS or networking. This is spyware/malware.  Uninstalling and throwing Vivofit in the bin. I'll just go back to my trusty and trustworthy pedometer which doesn't spy on me and works completely locally.",53,1,0,0,1,0,en,Garmin Connect
Application au top. J'aime bien la partie des entrainements avec les coach mais dommage qu'il n'y ait pas de programme d'entra√Ænement ( avec coach) pour le marathon.,57,5,5,0,1,0,fr,Garmin Connect
"I hate the new update. I can't see my total for the current month or the totals for previous months anymore, so I have to add up week by week to see if I am meeting my goals for the month. Please bring that feature back!",21,3,0,0,1,0,fr,Garmin Connect
Rien √† sauver de cette app sur huawei Ne peut m√™me pas afficher les graphes des pas par jour... Se contente des donn√©es de la derni√®re synchro et les affiche pour chaque jour. Si qqun sait coupler vivosmart avec une app correcte je suis preneur,72,1,2,1,1,0,fr,Garmin Connect
"Gps rapide et pr√©cis, le partage sur r√©seaux sociaux est un plus",64,5,0,0,1,0,fr,Garmin Connect
"Outils bien pens√©s. L'offre me semble compl√®te, r√©pond bien a mes besoins. J'aurais appr√©ci√© transf√©rer mes donn√©s a Google Fit afin de maintenir un historique a un endroit ind√©pendant. J'imagine que j'aurais juste a racheter un montre Garmin si jamais j'ai un probl√®me avec la mienne !",47,5,0,0,1,0,fr,Garmin Connect
"Si la derni√®re grosse mise √† jour est vraiment sympa, il ne manque plus que la cr√©ation d'entra√Ænement via l'appli !",56,5,0,0,1,0,fr,Garmin Connect
"Really nice app. There is a bug: on my 245 I duplicate an activity and give it new name. Then sync it with the app, it is shown but with the OLD name, which is wrong. I want to have the new duplicated activity with new name. 2. Please add laps to heart rate chart so it is clear when whas each lap.",4,3,0,1,1,0,en,Garmin Connect
"would be amazing if a feature/switch were added so that newly installed apps didn't automatically send smart notifications from the get-go. otherwise a good app, its just that one flaw.",42,4,1,0,1,0,en,Garmin Connect
"Love the app interface and functionality of my vivomove 3. Accurate tracking. The widgets and customization options for the watch are awesome. Just one gripe, would like to see more at a glance watch faces. More options that show more info will make it perfect. For example I would like to see steps, current temperature, date and maybe heart rate all at once. Currently there are widgets that show steps and date and steps, date, floors and body battery so more combinations should be available",84,4,0,0,1,0,en,Garmin Connect
"It's good but not a clean modern interface. It's certainly NOT intuitive at all. So it's functional but drab, dated and boring.",30,3,0,0,1,0,en,Garmin Connect
